[
	{
		"vin" : 1000,
		"model" : "X1",
		"make" : "BMW",
		"price" : 67000000.00,
		"color" :"Black"
	},
	{
		"vin" : 1001,
		"model" : "Q3",
		"make" : "Audi",
		"price" : 9000000.00,
		"color" :"Black"
	},
	{
		"vin" : 1002,
		"model" : "Swift",
		"make" : "Maruti",
		"price" : 700000.00,
		"color" :"Blue"
	},
	{
		"vin" : 1003,
		"model" : "Cruze",
		"make" : "Chevrolet",
		"price" : 2200000.00,
		"color" :"White"
	},
	{
		"vin" : 1004,
		"model" : "Nano",
		"make" : "Tata",
		"price" : 100000.00,
		"color" :"Yellow"
	}
]